Capitolo,Range Pagine
1,5-18
2,18-26
3,26-35
4,35-44
5,44-56
6,56-61
7,61-70
8,70-79
9,79-90
10,90-97
11,97-103
12,103-112
13,112-124
14,124-133
15,133-148
16,148-155
17,155-166
19,166-187
20,187-200
21,200-208
22,208-212
23,212-221
24,221-229
25,229-239
26,239-254
27,254-262
28,262-267
29,267-278
30,278-288
31,288-296
32,296-309
33,309-326
34,326-335
35,335-344
36,344-354
37,354-359
38,359-369
39,369-376
40,376-392
41,392-402
42,402-409
43,409-417
44,417-426
45,426-435
46,435-447
47,447-456
48,456-464
49,464-470
50,470-478
51,478-484
52,484-491
